{
  "experiment_info": {
    "timestamp": "2025-07-11 18:46:00",
    "device": "cuda",
    "seed": 42,
    "runs": 3
  },
  "results": {
    "CiteSeer": {
      "test_accuracies": [
        0.5800000000000001,
        0.55,
        0.6174999999999999
      ],
      "mean_accuracy": 0.5825,
      "std_accuracy": 0.027613402542968107,
      "training_histories": [
        {
          "epoch": [
            1,
            5,
            10,
            15,
            20,
            25,
            30,
            35,
            40,
            45,
            50
          ],
          "support_loss": [
            0.6894920420646666,
            0.5826318955421448,
            0.37683992832899094,
            0.4325729754567146,
            0.5391329143941402,
            0.6072070601582528,
            0.643902400135994,
            0.760155436694622,
            0.7594974666833878,
            0.8165523165464401,
            0.8223546767234803
          ],
          "query_loss": [
            1.4689599752426148,
            0.6287943840026855,
            0.3213739603757858,
            0.2168027527630329,
            0.1679532915353775,
            0.15337736234068872,
            0.14410632140934468,
            0.12226776443421841,
            0.1275712437927723,
            0.11485647596418858,
            0.10987490769475698
          ],
          "val_loss": [
            0.6880654096603394,
            0.6865345537662506,
            0.9401068389415741,
            1.3347735404968262,
            1.660715103149414,
            1.9017024040222168,
            1.9541718363761902,
            2.229943871498108,
            2.235592246055603,
            2.3828715085983276,
            2.534791111946106
          ],
          "val_acc": [
            0.62,
            0.53,
            0.475,
            0.49,
            0.49,
            0.505,
            0.51,
            0.525,
            0.53,
            0.525,
            0.495
          ],
          "epoch_time": [
            10.734318017959595,
            10.347739458084106,
            10.285639524459839,
            10.402578353881836,
            10.324114799499512,
            10.40637469291687,
            10.51180362701416,
            10.407241344451904,
            10.360594272613525,
            10.518069982528687,
            10.415350675582886
          ],
          "total_training_time": 505.27712178230286,
          "test_time": 0.935978889465332,
          "total_time": 506.3945188522339
        },
        {
          "epoch": [
            1,
            5,
            10,
            15,
            20,
            25,
            30,
            35,
            40,
            45,
            50,
            55,
            60,
            65,
            70,
            75
          ],
          "support_loss": [
            0.6852634954452514,
            0.5139809072017669,
            0.2858604201674461,
            0.330878624022007,
            0.40831601753830904,
            0.47456636823713777,
            0.5267302803695202,
            0.6337022180110216,
            0.6939276873320341,
            0.7598694501444697,
            0.8002027840912342,
            0.8414659954980017,
            0.7902778150886297,
            0.9070422359555959,
            0.9337491678819061,
            1.1064510609209537
          ],
          "query_loss": [
            1.375987136363983,
            0.586853152513504,
            0.28298074901103976,
            0.19451579302549363,
            0.15200745016336442,
            0.1351220950484276,
            0.10927761495113372,
            0.11107478067278861,
            0.10258935429155827,
            0.0832187719643116,
            0.07001355960965157,
            0.06664428338408471,
            0.07629510164260864,
            0.07994147725403308,
            0.06710202917456627,
            0.10890081115067005
          ],
          "val_loss": [
            0.6898283958435059,
            0.6582574844360352,
            0.7217008471488953,
            0.8939353823661804,
            1.1024651229381561,
            1.3004645705223083,
            1.473961353302002,
            1.6208301186561584,
            1.688256859779358,
            1.8694321513175964,
            2.0131850242614746,
            2.1174270510673523,
            2.1139988899230957,
            2.2439732551574707,
            2.262298583984375,
            2.2845910787582397
          ],
          "val_acc": [
            0.58,
            0.5900000000000001,
            0.6000000000000001,
            0.6100000000000001,
            0.595,
            0.615,
            0.5700000000000001,
            0.565,
            0.5700000000000001,
            0.55,
            0.56,
            0.56,
            0.55,
            0.565,
            0.55,
            0.55
          ],
          "epoch_time": [
            10.68899917602539,
            10.640666961669922,
            10.520413160324097,
            10.524482011795044,
            10.429232835769653,
            10.581035852432251,
            10.43463397026062,
            10.414190292358398,
            10.601645469665527,
            10.603295087814331,
            10.63300633430481,
            10.640661716461182,
            10.562260866165161,
            10.70313024520874,
            10.476966857910156,
            10.621233701705933
          ],
          "total_training_time": 766.5490596294403,
          "test_time": 0.939516544342041,
          "total_time": 767.5397074222565
        },
        {
          "epoch": [
            1,
            5,
            10,
            15,
            20,
            25,
            30,
            35,
            40,
            45,
            50,
            55,
            60,
            65,
            70,
            75
          ],
          "support_loss": [
            0.6939716613292694,
            0.5574598324298858,
            0.26371477991342546,
            0.2867931425571441,
            0.391057781279087,
            0.48350254237651813,
            0.5740162296593189,
            0.6255546504259109,
            0.7641352984309198,
            0.8268986105918884,
            0.9089049762487409,
            0.9385979348421097,
            1.0260489870607854,
            1.0701889592409135,
            1.0974697099626065,
            1.1002682758867741
          ],
          "query_loss": [
            1.3632620334625245,
            0.5768714487552643,
            0.2494214341044426,
            0.15479351952672005,
            0.11666052713990212,
            0.09555791057646275,
            0.08767615146934986,
            0.08747938685119153,
            0.08189326450228691,
            0.07030997555702925,
            0.06394301895052194,
            0.06834487151354551,
            0.048287220671772955,
            0.04517038585618138,
            0.044167351257055995,
            0.06268551251851022
          ],
          "val_loss": [
            0.6958412826061249,
            0.6655261218547821,
            0.7825659513473511,
            0.9764882028102875,
            1.1582714021205902,
            1.324480652809143,
            1.5004152655601501,
            1.5704483389854431,
            1.6282132267951965,
            1.728164553642273,
            1.8479377627372742,
            1.9068170189857483,
            2.063849091529846,
            2.186659276485443,
            2.2806169390678406,
            2.2887287735939026
          ],
          "val_acc": [
            0.5,
            0.5800000000000001,
            0.64,
            0.605,
            0.6399999999999999,
            0.6499999999999999,
            0.6200000000000001,
            0.635,
            0.6399999999999999,
            0.6399999999999999,
            0.6299999999999999,
            0.6399999999999999,
            0.6399999999999999,
            0.6399999999999999,
            0.63,
            0.605
          ],