{
  "experiment_info": {
    "timestamp": "2025-07-12 20:28:32",
    "device": "cuda",
    "seed": 42,
    "runs": 3
  },
  "results": {
    "CoraFull": {
      "test_accuracies": [
        0.20800000000000002,
        0.204,
        0.23279999999999998
      ],
      "mean_accuracy": 0.21493333333333334,
      "std_accuracy": 0.01273874230666259,
      "training_histories": [
        {
          "epoch": [
            1,
            5,
            10,
            15,
            20,
            25,
            30,
            35,
            40,
            45,
            50
          ],
          "support_loss": [
            0.0,
            0.0,
            0.0,
            0.0,
            0.0,
            0.0,
            0.0,
            0.0,
            0.0,
            0.0,
            0.0
          ],
          "query_loss": [
            0.0,
            0.0,
            0.0,
            0.0,
            0.0,
            0.0,
            0.0,
            0.0,
            0.0,
            0.0,
            0.0
          ],
          "val_loss": [
            0.0,
            0.0,
            0.0,
            0.0,
            0.0,
            0.0,
            0.0,
            0.0,
            0.0,
            0.0,
            0.0
          ],
          "val_acc": [
            0.0,
            0.0,
            0.0,
            0.0,
            0.0,
            0.0,
            0.0,
            0.0,
            0.0,
            0.0,
            0.0
          ],
          "epoch_time": [
            282.4243919849396,
            296.4613962173462,
            294.0457434654236,
            292.72012424468994,
            293.49315094947815,
            293.8248496055603,
            299.9019658565521,
            293.165757894516,
            293.34700655937195,
            294.9700405597687,
            295.40709495544434
          ],
          "total_training_time": 13347.739755868912,
          "test_time": 108.17700600624084,
          "total_time": 13457.078859567642
        },
        {
          "epoch": [
            1,
            5,
            10,
            15,
            20,
            25,
            30,
            35,
            40,
            45,
            50
          ],
          "support_loss": [
            0.0,
            0.0,
            0.0,
            0.0,
            0.0,
            0.0,
            0.0,
            0.0,
            0.0,
            0.0,
            0.0
          ],
          "query_loss": [
            0.0,
            0.0,
            0.0,
            0.0,
            0.0,
            0.0,
            0.0,
            0.0,
            0.0,
            0.0,
            0.0
          ],
          "val_loss": [
            1.6089144945144653,
            1.6089212894439697,
            1.6088958978652954,
            1.6089273691177368,
            1.6088213920593262,
            1.609177827835083,
            1.6088253259658813,
            1.6088324785232544,
            1.6089215278625488,
            1.6089900732040405,
            1.6089309453964233
          ],
          "val_acc": [
            0.2,
            0.2,
            0.2,
            0.2,
            0.2,
            0.2,
            0.2,
            0.2,
            0.2,
            0.2,
            0.2
          ],
          "epoch_time": [
            308.7906677722931,
            311.54748487472534,
            308.62011981010437,
            312.5747468471527,
            318.7683448791504,
            322.94559812545776,
            308.7580316066742,
            319.5061185359955,
            334.1453056335449,
            311.6730833053589,
            312.2153422832489
          ],
          "total_training_time": 13489.432596445084,
          "test_time": 88.20862555503845,
          "total_time": 13578.730947256088
        },
        {
          "epoch": [
            1,
            5,
            10,
            15,
            20,
            25,
            30,
            35,
            40,
            45,
            50,
            55,
            60,
            65
          ],
          "support_loss": [
            0.0,
            0.0,
            0.0,
            0.0,
            0.0,
            0.0,
            0.0,
            0.0,
            0.0,
            0.0,
            0.0,
            0.0,
            0.0,
            0.0
          ],
          "query_loss": [
            0.0,
            0.0,
            0.0,
            0.0,
            0.0,
            0.0,
            0.0,
            0.0,
            0.0,
            0.0,
            0.0,
            0.0,
            0.0,
            0.0
          ],
          "val_loss": [
            1.6094165444374084,
            1.6093701720237732,
            1.6094430685043335,
            1.6094118356704712,
            1.6094185709953308,
            1.6093822717666626,
            1.609403669834137,
            1.6094228625297546,
            1.6094655990600586,
            1.6093893647193909,
            1.6094140410423279,
            1.6093658208847046,
            1.6094117760658264,
            1.6094511151313782
          ],
          "val_acc": [
            0.202,
            0.198,
            0.2,
            0.20600000000000002,
            0.202,
            0.202,
            0.194,
            0.202,
            0.20400000000000001,
            0.198,
            0.206,
            0.20600000000000002,
            0.2,
            0.202
          ],
          "epoch_time": [
            315.5385298728943,
            312.5241651535034,
            318.02939558029175,
            312.66737246513367,
            311.7304220199585,
            314.28746271133423,
            317.62246656417847,
            311.7336378097534,
            310.39389872550964,
            309.9568843841553,
            311.5926079750061,
            314.660995721817,
            311.7923309803009,
            313.63231921195984
          ],
          "total_training_time": 16991.350970745087,
          "test_time": 146.61646246910095,
          "total_time": 17139.092574357986
        }
      ],
      "run_times": [
        13457.100964546204,
        13578.76755285263,
        17139.123819351196
      ],
      "total_dataset_time": 44174.992547512054
    }
  },
  "total_experiment_time": 44174.99258804321
}