{
  "experiment_info": {
    "timestamp": "2025-07-11 16:41:43",
    "device": "cuda",
    "seed": 42,
    "runs": 3
  },
  "results": {
    "Cora": {
      "test_accuracies": [
        0.65,
        0.565,
        0.54
      ],
      "mean_accuracy": 0.585,
      "std_accuracy": 0.04708148963941846,
      "training_histories": [
        {
          "epoch": [
            1,
            5,
            10,
            15,
            20,
            25,
            30,
            35,
            40,
            45,
            50,
            55,
            60,
            65,
            70,
            75,
            80,
            85,
            90,
            95,
            100,
            105,
            110,
            115,
            120,
            125,
            130,
            135,
            140,
            145,
            150,
            155,
            160,
            165,
            170,
            175,
            180,
            185
          ],
          "support_loss": [
            0.6926314461231231,
            0.5242270332574844,
            0.3224057856202126,
            0.3206648775935173,
            0.35215478420257573,
            0.40371377587318424,
            0.44473577052354807,
            0.4760342565178871,
            0.5473892331123352,
            0.5912768578529357,
            0.6027566203475,
            0.6874810892343521,
            0.7234603145718574,
            0.7866845843195914,
            0.8082557639479637,
            0.7790068006515504,
            0.8587021759152412,
            0.8920311787724493,
            0.9471921336650848,
            0.9867071467638014,
            0.9916686284542084,
            0.9864569553732873,
            1.0743982818722726,
            0.9541777172684668,
            1.0629590094089507,
            1.1407895040512084,
            1.253613623380661,
            1.3367171788215635,
            1.491556304395199,
            1.4801919978857039,
            1.355218444168568,
            1.8155376523733142,
            1.3494956347346305,
            1.4604796370863915,
            1.5104826214909555,
            1.731690776348114,
            1.6630435594916342,
            1.7683513987064363
          ],
          "query_loss": [
            1.144729620218277,
            0.587868845462799,
            0.32417965233325957,
            0.2461305782198906,
            0.20471955537796022,
            0.17095720246434212,
            0.15180589407682418,
            0.13982665687799453,
            0.13033189177513121,
            0.12619247063994407,
            0.11495875492691994,
            0.11352289617061614,
            0.10497101917862892,
            0.10800805836915969,
            0.10306482017040253,
            0.10978537648916245,
            0.09547715745866299,
            0.09736699238419533,
            0.09573397412896156,
            0.09163163565099239,
            0.09272919148206711,
            0.10118877328932285,
            0.08428289629518985,
            0.10950972586870193,
            0.0828386839479208,
            0.07931545861065388,
            0.0863972045481205,
            0.08047925122082233,
            0.07938870713114739,
            0.09286952875554562,
            0.07561248168349266,
            0.14398124143481256,
            0.08382930718362332,
            0.07088173627853393,
            0.06835192181169987,
            0.06838895939290524,
            0.06713062040507793,
            0.05803581699728966
          ],
          "val_loss": [
            0.6942256987094879,
            0.7221394777297974,
            0.948600560426712,
            1.0784714818000793,
            1.2574296593666077,
            1.4539552927017212,
            1.6219049096107483,
            1.8340559601783752,
            1.9944052696228027,
            2.10011625289917,
            2.315894842147827,
            2.3676180839538574,
            2.4581810235977173,
            2.401352047920227,
            2.443420648574829,
            2.3868460655212402,
            2.626540422439575,
            2.7973042726516724,
            2.5640294551849365,
            2.6899951696395874,
            2.6508067846298218,
            2.7341222763061523,
            3.083131194114685,
            2.9268585443496704,
            2.926763653755188,
            3.0546302795410156,
            3.042521119117737,
            3.219544291496277,
            3.2738131284713745,
            3.09745717048645,
            3.2379963397979736,
            3.460346221923828,
            3.464171528816223,
            3.486768364906311,
            3.4701106548309326,
            3.4129016399383545,
            3.542054533958435,
            3.5818556547164917
          ],
          "val_acc": [
            0.5,
            0.515,
            0.53,
            0.565,
            0.55,
            0.56,
            0.56,
            0.56,
            0.565,
            0.57,
            0.56,
            0.555,
            0.56,
            0.5549999999999999,
            0.56,
            0.56,
            0.545,
            0.56,
            0.575,
            0.565,
            0.5700000000000001,
            0.5800000000000001,
            0.5549999999999999,
            0.56,
            0.56,
            0.5700000000000001,
            0.575,
            0.5900000000000001,
            0.5700000000000001,
            0.565,
            0.575,
            0.515,
            0.5900000000000001,
            0.59,
            0.575,
            0.585,
            0.565,
            0.5800000000000001
          ],
          "epoch_time": [
            11.576980352401733,
            11.969858884811401,
            10.752171754837036,
            12.198156833648682,
            10.972685098648071,
            10.771698713302612,
            10.76148009300232,
            10.7038414478302,
            10.925992012023926,
            11.202178716659546,
            10.721811532974243,
            10.741020679473877,
            10.908207416534424,
            10.837022304534912,
            10.865133285522461,
            10.6983482837677,
            10.774370431900024,
            10.902461767196655,
            10.788201570510864,
            10.556373834609985,
            10.739610195159912,
            10.777748584747314,
            10.565059900283813,
            10.597084760665894,
            10.775097370147705,
            10.634150505065918,
            10.661890029907227,
            10.623465061187744,
            10.71559739112854,
            10.751510381698608,
            10.723181009292603,
            10.714296102523804,
            10.791666746139526,
            10.698421239852905,
            10.621876239776611,
            10.5501229763031,
            10.709749698638916,
            10.683780670166016
          ],
          "total_training_time": 1934.9445147514343,
          "test_time": 0.869603157043457,
          "total_time": 1935.9859547615051
        },
        {
          "epoch": [
            1,
            5,
            10,
            15,
            20,
            25,
            30,
            35,
            40,
            45,
            50,
            55,
            60,
            65,
            70,
            75,
            80,
            85
          ],
          "support_loss": [
            0.6888614785671234,
            0.5243085068464279,
            0.2634830802679062,
            0.26021023452281955,
            0.2916543479263783,
            0.33926033690571783,
            0.4080878809094429,
            0.46798180520534516,
            0.4833498701453209,
            0.5028044718503952,
            0.5429794445633889,
            0.5655440324544907,
            0.5326026505231857,
            0.599878296405077,
            0.6510992394387721,
            0.6694467580318452,
            0.6782545122504235,
            0.6663882079720497
          ],