{
  "timestamp": "2025-07-11 20:55:10",
  "total_experiment_time": 64076.70480084419,
  "summary": {
    "CoraFull": {
      "mean_accuracy": 0.2806,
      "std_accuracy": 0.011679326464598315,
      "runs": 3,
      "total_dataset_time": 64076.7047560215,
      "average_run_time": 21358.90151111285
    }
  }
}