{
  "experiment_info": {
    "timestamp": "2025-07-11 20:55:10",
    "device": "cuda",
    "seed": 42,
    "runs": 3
  },
  "results": {
    "CoraFull": {
      "test_accuracies": [
        0.29710000000000003,
        0.273,
        0.27170000000000005
      ],
      "mean_accuracy": 0.2806,
      "std_accuracy": 0.011679326464598315,
      "training_histories": [
        {
          "epoch": [
            1,
            5,
            10,
            15,
            20,
            25,
            30,
            35,
            40,
            45,
            50,
            55,
            60,
            65
          ],
          "support_loss": [
            1.6102904200553896,
            1.5923275756835937,
            1.5197345563343594,
            1.2619880199432374,
            1.3578669722874959,
            1.6576594330370427,
            1.8037066968282065,
            2.0301751017570497,
            2.1745901852846146,
            2.1944458946585654,
            2.3376629082361857,
            2.4667024834950766,
            2.5695755720138553,
            2.7269940510392194
          ],
          "query_loss": [
            2.2749582529067993,
            1.6359678268432618,
            1.5387136765888758,
            1.2382284487996782,
            0.8461745699246724,
            0.6444965973496437,
            0.5030905524889628,
            0.43892024755477904,
            0.3936669696122408,
            0.34525417536497116,
            0.3106586237748464,
            0.2955142954985301,
            0.2736830433209737,
            0.27232204377651215
          ],
          "val_loss": [
            1.6080453097820282,
            1.6037802517414093,
            1.5871741890907287,
            1.662988191843033,
            1.9662465393543243,
            2.307766306400299,
            2.7371554136276246,
            2.9803054451942446,
            3.154280257225037,
            3.3121814012527464,
            3.48657408952713,
            3.599972367286682,
            3.715162193775177,
            3.8591617941856384
          ],
          "val_acc": [
            0.19800000000000006,
            0.2492,
            0.27459999999999996,
            0.28359999999999996,
            0.2600000000000001,
            0.26660000000000006,
            0.24800000000000005,
            0.25460000000000005,
            0.25340000000000007,
            0.2622,
            0.261,
            0.26280000000000003,
            0.26360000000000006,
            0.2584
          ],
          "epoch_time": [
            215.00222659111023,
            220.85220909118652,
            222.35936212539673,
            279.4279148578644,
            323.7908899784088,
            272.9532148838043,
            274.72010684013367,
            230.48725938796997,
            230.7274887561798,
            230.96894931793213,
            230.53055477142334,
            265.8610348701477,
            333.9584228992462,
            281.41551899909973
          ],
          "total_training_time": 16362.045365810394,
          "test_time": 26.990991830825806,
          "total_time": 16394.203607797623
        },
        {
          "epoch": [
            1,
            5,
            10,
            15,
            20,
            25,
            30,
            35,
            40,
            45,
            50
          ],
          "support_loss": [
            1.6056796232859292,
            1.499146024386088,
            1.2308338925242424,
            1.5179279774427414,
            1.5992599442601203,
            1.882383172652301,
            2.016394044371212,
            2.2633743032813074,
            2.3859329111435836,
            2.527067567408085,
            2.6261297085705926
          ],
          "query_loss": [
            2.076630409558614,
            1.5788871049880981,
            1.1007958613336086,
            0.8375615030527115,
            0.5771999470889568,
            0.48063001913182873,
            0.4025135268183315,
            0.3036484448239207,
            0.3055204267010969,
            0.2796962596476078,
            0.2989143816863789
          ],
          "val_loss": [
            1.6025223851203918,
            1.5327336072921753,
            1.7355453014373778,
            2.0872627198696136,
            2.560342252254486,
            2.7747510194778444,
            3.0362274646759033,
            3.386003851890564,
            3.5245535254478453,
            3.7164680123329163,
            3.6979509949684144
          ],
          "val_acc": [
            0.30679999999999996,
            0.29219999999999996,
            0.2758,
            0.25420000000000004,
            0.24040000000000003,
            0.24679999999999996,
            0.24940000000000007,
            0.24640000000000004,
            0.25159999999999993,
            0.25020000000000003,
            0.2472
          ],
          "epoch_time": [
            276.32566952705383,
            276.9351305961609,
            276.8695352077484,
            275.1166296005249,
            275.67332577705383,
            276.70530009269714,
            273.7253592014313,
            275.3901250362396,
            276.45307993888855,
            275.1317756175995,
            275.23692750930786
          ],
          "total_training_time": 13238.507430791855,
          "test_time": 27.133484840393066,
          "total_time": 13266.744864225388
        },
        {
          "epoch": [
            1,
            5,
            10,
            15,
            20,
            25,
            30,
            35,
            40,
            45,
            50,
            55,
            60,
            65,
            70,
            75,
            80,
            85,
            90,
            95,
            100,
            105,
            110,
            115,
            120,
            125,
            130,
            135
          ],
          "support_loss": [
            1.6060708284378054,
            1.5313778360684713,
            1.2579738040765127,
            1.3555204684917743,
            1.6419072609681349,
            1.9457465946674348,
            2.116931547721227,
            2.3398833513259887,
            2.462557556078984,
            2.596731466513414,
            2.7689681589603423,
            2.9547849138577784,
            2.971056233919584,
            3.0965886657888237,
            3.2299848179022472,
            3.343638940652212,
            3.4397182703018188,
            3.4835815310478213,
            3.545002381006876,
            3.701872714360555,
            3.7292814124714244,
            3.8831973433494578,
            3.934194362163544,
            4.00670923086313,
            4.099698102474212,
            4.168654100711529,
            4.148297056784997,
            4.2915518283844
          ],
          "query_loss": [
            2.1190634270509086,
            1.5899854898452759,
            1.1624948382377625,
            0.7955904373755822,
            0.5454636514186859,
            0.4309381718436877,
            0.35641207297643024,
            0.26302658834240655,
            0.2776581129202476,
            0.24734672560141638,
            0.22402508929371834,
            0.18525856733322144,
            0.2075548114684912,
            0.16870866444977847,
            0.17001655449469885,
            0.15966227650642395,
            0.15215506540103393,
            0.13801019576688608,
            0.14616102601091066,
            0.14384001369277635,
            0.1211169727823951,
            0.12916368308166662,
            0.12259102302292983,
            0.13501126433794314,
            0.11641629288593928,
            0.12067730094377811,
            0.12244744828114143,
            0.10893606107968551
          ],